location,avg_temperature,avg_humidity
BuildingB_Floor1,25.844703557312247,55.60403162055335
BuildingA_Floor2,25.243760330578517,54.622272727272716
BuildingA_Floor1,25.19927710843374,55.49389558232933
BuildingB_Floor2,24.882695312500008,56.66699218750001
