sensor_id,avg_temp,rank_temp
1013,29.512222222222224,1
1073,28.481111111111115,2
1067,28.477500000000003,3
1070,28.270769230769233,4
1019,28.25,5
